{"chunk_definitions":[{"chunk_id":"csetup_chunk","chunk_label":"setup","document_id":"EC3CF543","expansion_state":0,"options":{"engine":"r","include":false,"label":"setup"},"row":9,"row_count":1,"visible":true},{"chunk_id":"c4n6kjezijq05","chunk_label":"unnamed-chunk-1","document_id":"EC3CF543","expansion_state":0,"options":{"engine":"r","label":"unnamed-chunk-884","warning":false},"row":22,"row_count":1,"visible":true},{"chunk_id":"cguv7miva80ws","chunk_label":"unnamed-chunk-2","document_id":"EC3CF543","expansion_state":0,"options":{"engine":"r","label":"unnamed-chunk-885"},"row":34,"row_count":1,"visible":true},{"chunk_id":"c2xb9qx3vgrrm","chunk_label":"unnamed-chunk-3","document_id":"CD25037E","expansion_state":0,"options":{"engine":"r","label":"unnamed-chunk-886"},"row":56,"row_count":1,"visible":true},{"chunk_id":"c9cpsvjzsamsd","chunk_label":"unnamed-chunk-4","document_id":"CD25037E","expansion_state":0,"options":{"engine":"r","label":"unnamed-chunk-887"},"row":76,"row_count":1,"visible":true},{"chunk_id":"cv4t19lwmtllc","chunk_label":"unnamed-chunk-5","document_id":"CD25037E","expansion_state":0,"options":{"engine":"r","label":"unnamed-chunk-888"},"row":94,"row_count":1,"visible":true},{"chunk_id":"cbah9f0j0u5gw","chunk_label":"unnamed-chunk-6","document_id":"CD25037E","expansion_state":0,"options":{"engine":"r","label":"unnamed-chunk-889"},"row":110,"row_count":1,"visible":true},{"chunk_id":"ce406g0qdxxc5","chunk_label":"unnamed-chunk-7","document_id":"CD25037E","expansion_state":0,"options":{"engine":"r","label":"unnamed-chunk-890"},"row":115,"row_count":1,"visible":true},{"chunk_id":"c8ezz8h1rqg1i","chunk_label":"unnamed-chunk-9","document_id":"CD25037E","expansion_state":0,"options":{"engine":"r","label":"unnamed-chunk-891"},"row":147,"row_count":1,"visible":true},{"chunk_id":"c9y1s4x6wk1j9","chunk_label":"unnamed-chunk-10","document_id":"CD25037E","expansion_state":0,"options":{"engine":"r","label":"unnamed-chunk-892"},"row":152,"row_count":1,"visible":true},{"chunk_id":"cuozh0i86qwal","chunk_label":"unnamed-chunk-11","document_id":"CD25037E","expansion_state":0,"options":{"engine":"r","label":"unnamed-chunk-893"},"row":159,"row_count":1,"visible":true},{"chunk_id":"cqoseliyjsj3y","chunk_label":"unnamed-chunk-12","document_id":"CD25037E","expansion_state":0,"options":{"engine":"r","label":"unnamed-chunk-894"},"row":166,"row_count":1,"visible":true},{"chunk_id":"cgvpuns3flybr","chunk_label":"unnamed-chunk-13","document_id":"CD25037E","expansion_state":0,"options":{"engine":"r","label":"unnamed-chunk-895"},"row":173,"row_count":1,"visible":true},{"chunk_id":"cun8wcdajvr9v","chunk_label":"unnamed-chunk-14","document_id":"CD25037E","expansion_state":0,"options":{"engine":"r","label":"unnamed-chunk-896"},"row":179,"row_count":1,"visible":true},{"chunk_id":"c5k4wcaxrhe9g","chunk_label":"unnamed-chunk-15","document_id":"CD25037E","expansion_state":0,"options":{"engine":"r","label":"unnamed-chunk-897"},"row":190,"row_count":1,"visible":true},{"chunk_id":"cgbkr7q2wf9ld","chunk_label":"unnamed-chunk-16","document_id":"CD25037E","expansion_state":0,"options":{"engine":"r","label":"unnamed-chunk-898"},"row":197,"row_count":1,"visible":true},{"chunk_id":"czwh2bniohcr4","chunk_label":"unnamed-chunk-17","document_id":"CD25037E","expansion_state":0,"options":{"engine":"r","label":"unnamed-chunk-899"},"row":209,"row_count":1,"visible":true},{"chunk_id":"cpongvwjd2q85","chunk_label":"unnamed-chunk-18","document_id":"CD25037E","expansion_state":0,"options":{"engine":"r","label":"unnamed-chunk-900"},"row":219,"row_count":1,"visible":true},{"chunk_id":"c5sn8u7h8i21o","chunk_label":"unnamed-chunk-19","document_id":"CD25037E","expansion_state":0,"options":{"engine":"r","label":"unnamed-chunk-901"},"row":226,"row_count":1,"visible":true},{"chunk_id":"c6rtyl30488um","chunk_label":"unnamed-chunk-20","document_id":"CD25037E","expansion_state":0,"options":{"engine":"r","label":"unnamed-chunk-902"},"row":233,"row_count":1,"visible":true},{"chunk_id":"c24fhmle5lp1q","chunk_label":"unnamed-chunk-21","document_id":"CD25037E","expansion_state":0,"options":{"engine":"r","label":"unnamed-chunk-903"},"row":264,"row_count":1,"visible":true}],"chunk_rendered_width":400,"default_chunk_options":{"echo":true,"error":false},"doc_write_time":1505077997,"working_dir":null}