"0","# dataset for graph"
"0","rdd_graph_left =  empowerment %>% "
"0","  filter(win_margin_islam_1994 < 0) %>% "
"0","  mutate(win_margin_islam_1994_q = ntile(win_margin_islam_1994, 12)) %>% "
"0","  group_by(win_margin_islam_1994_q) %>% "
"0","  summarize(share_men_hs_1520 = mean(share_men_hs_1520, na.rm = TRUE),"
"0","            share_women_hs_1520 = mean(share_men_hs_1520, na.rm = TRUE),"
"0","            win_margin_islam_1994 = mean(win_margin_islam_1994, na.rm = TRUE))"
"0","rdd_graph_right =  empowerment %>% "
"0","  filter(win_margin_islam_1994 >= 0) %>% "
"0","  mutate(win_margin_islam_1994_q = ntile(win_margin_islam_1994, 12)) %>% "
"0","  group_by(win_margin_islam_1994_q) %>% "
"0","  summarize(share_men_hs_1520 = mean(share_men_hs_1520, na.rm = TRUE),"
"0","            share_women_hs_1520 = mean(share_men_hs_1520, na.rm = TRUE),"
"0","            win_margin_islam_1994 = mean(win_margin_islam_1994, na.rm = TRUE))"
"0","# graph for women"
"0","ggplot() + "
"0","  geom_point(aes(x = win_margin_islam_1994, y = share_women_hs_1520), data = rdd_graph_left) +"
"0","  geom_point(aes(x = win_margin_islam_1994, y = share_women_hs_1520), data = rdd_graph_right) +"
"0","  geom_smooth(aes(x = win_margin_islam_1994, y = share_women_hs_1520), data = rdd_graph_left) +"
"0","  geom_smooth(aes(x = win_margin_islam_1994, y = share_women_hs_1520), data = rdd_graph_right) + "
"0","  scale_y_continuous(limits = c(-0.05, 0.25)) +"
"0","  theme_bw()"
