"0","empowerment = empowerment %>% "
"0","  filter(!is.na(share_women_hs_1520),"
"0","         !is.na(vote_share_islam_1994),"
"0","         !is.na(no_of_parties_1994),"
"0","         !is.na(win_margin_islam_1994),"
"0","         !is.na(islamic_mayor_1994),"
"0","         !is.na(share_men_hs_1520),"
"0","         !is.na(household_size_2000),"
"0","         !is.na(log_pop_1994),"
"0","         !is.na(pop_share_under_19),"
"0","         !is.na(pop_share_over_60),"
"0","         !is.na(sex_ratio_2000),"
"0","         !is.na(district_center),"
"0","         !is.na(province_center),"
"0","         !is.na(metro_center),"
"0","         !is.na(sub_metro_center))"
