"0","empowerment = empowerment %>% "
"0","  select(vote_share_islam_1994 = vshr_islam1994,"
"0","         log_pop_1994 = lpop1994,"
"0","         no_of_parties_1994 = partycount,"
"0","         share_women_hs_1520 = hischshr1520f,"
"0","         share_men_hs_1520 = hischshr1520m,"
"0","         pop_share_under_19 = ageshr19,"
"0","         pop_share_over_60 = ageshr60,"
"0","         sex_ratio_2000 = sexr,"
"0","         win_margin_islam_1994 = iwm94,"
"0","         household_size_2000 = shhs,"
"0","         district_center = merkezi, "
"0","         province_center = merkezp,"
"0","         sub_metro_center = buyuk,"
"0","         starts_with(""pd_""))"
