{"chunk_definitions":[{"chunk_id":"csetup_chunk","chunk_label":"setup","document_id":"EC3CF543","expansion_state":0,"options":{"engine":"r","include":false,"label":"setup"},"row":9,"row_count":1,"visible":true},{"chunk_id":"c4n6kjezijq05","chunk_label":"unnamed-chunk-1","document_id":"EC3CF543","expansion_state":0,"options":{"engine":"r","label":"unnamed-chunk-185"},"row":20,"row_count":1,"visible":true},{"chunk_id":"cguv7miva80ws","chunk_label":"unnamed-chunk-2","document_id":"EC3CF543","expansion_state":0,"options":{"engine":"r","label":"unnamed-chunk-186"},"row":32,"row_count":1,"visible":true},{"chunk_id":"cclgzmjzijibg","chunk_label":"unnamed-chunk-3","document_id":"EC3CF543","expansion_state":0,"options":{"engine":"r","label":"unnamed-chunk-187"},"row":52,"row_count":1,"visible":true},{"chunk_id":"c50pmwh0zlwmo","chunk_label":"unnamed-chunk-5","document_id":"EC3CF543","expansion_state":0,"options":{"engine":"r","label":"unnamed-chunk-189"},"row":67,"row_count":1,"visible":true},{"chunk_id":"c5yhkcxouvfrq","chunk_label":"unnamed-chunk-6","document_id":"EC3CF543","expansion_state":0,"options":{"engine":"r","label":"unnamed-chunk-190"},"row":81,"row_count":1,"visible":true},{"chunk_id":"c97nqjirso0fz","chunk_label":"unnamed-chunk-7","document_id":"EC3CF543","expansion_state":0,"options":{"engine":"r","label":"unnamed-chunk-191"},"row":85,"row_count":1,"visible":true}],"doc_write_time":1505044741}